{
  "parent": "item/handheld_rod",
  "textures": {
    "layer0": "item/carrot_on_a_stick"
  },
  "overrides": [
    {
      "predicate": {
        "custom_model_data": 330000
      },
      "model": "tcc:item/witch_hat"
    },
    {
      "predicate": {
        "custom_model_data": 330001
      },
      "model": "tcc:item/cursed_crown"
    },
    {
      "predicate": {
        "custom_model_data": 330002
      },
      "model": "tcc:item/quest_book"
    },
    {
      "predicate": {
        "custom_model_data": 330003
      },
      "model": "tcc:item/complete_quest_book"
    },
    {
      "predicate": {
        "custom_model_data": 330004
      },
      "model": "tcc:item/boomerang"
    },
    {
      "predicate": {
        "custom_model_data": 330005
      },
      "model": "tcc:item/spectral_boomerang"
    },
    {
      "predicate": {
        "custom_model_data": 330006
      },
      "model": "tcc:item/peculiar_berries"
    },
    {
      "predicate": {
        "custom_model_data": 330007
      },
      "model": "tcc:item/obsidian_mirror"
    },
    {
      "predicate": {
        "custom_model_data": 330008
      },
      "model": "tcc:item/obsidian_scythe"
    },
    {
      "predicate": {
        "custom_model_data": 330009
      },
      "model": "tcc:item/wrench"
    },
    {
      "predicate": {
        "custom_model_data": 330010
      },
      "model": "tcc:item/paintbrush/unused"
    },
    {
      "predicate": {
        "custom_model_data": 330011
      },
      "model": "tcc:item/paintbrush/black"
    },
    {
      "predicate": {
        "custom_model_data": 330012
      },
      "model": "tcc:item/paintbrush/blue"
    },
    {
      "predicate": {
        "custom_model_data": 330013
      },
      "model": "tcc:item/paintbrush/brown"
    },
    {
      "predicate": {
        "custom_model_data": 330014
      },
      "model": "tcc:item/paintbrush/cyan"
    },
    {
      "predicate": {
        "custom_model_data": 330015
      },
      "model": "tcc:item/paintbrush/gray"
    },
    {
      "predicate": {
        "custom_model_data": 330016
      },
      "model": "tcc:item/paintbrush/green"
    },
    {
      "predicate": {
        "custom_model_data": 330017
      },
      "model": "tcc:item/paintbrush/light_blue"
    },
    {
      "predicate": {
        "custom_model_data": 330018
      },
      "model": "tcc:item/paintbrush/light_gray"
    },
    {
      "predicate": {
        "custom_model_data": 330019
      },
      "model": "tcc:item/paintbrush/lime"
    },
    {
      "predicate": {
        "custom_model_data": 330020
      },
      "model": "tcc:item/paintbrush/magenta"
    },
    {
      "predicate": {
        "custom_model_data": 330021
      },
      "model": "tcc:item/paintbrush/orange"
    },
    {
      "predicate": {
        "custom_model_data": 330022
      },
      "model": "tcc:item/paintbrush/pink"
    },
    {
      "predicate": {
        "custom_model_data": 330023
      },
      "model": "tcc:item/paintbrush/purple"
    },
    {
      "predicate": {
        "custom_model_data": 330024
      },
      "model": "tcc:item/paintbrush/red"
    },
    {
      "predicate": {
        "custom_model_data": 330025
      },
      "model": "tcc:item/paintbrush/white"
    },
    {
      "predicate": {
        "custom_model_data": 330026
      },
      "model": "tcc:item/paintbrush/yellow"
    },
    {
      "predicate": {
        "custom_model_data": 330027
      },
      "model": "tcc:item/smoldering_seeker/unset"
    },
    {
      "predicate": {
        "custom_model_data": 330028
      },
      "model": "tcc:item/creeper_magnet"
    },
    {
      "predicate": {
        "custom_model_data": 330029
      },
      "model": "tcc:item/teapot"
    },
    {
      "predicate": {
        "custom_model_data": 330030
      },
      "model": "tcc:item/frostbloom"
    },
    {
      "predicate": {
        "custom_model_data": 330031
      },
      "model": "tcc:item/locket_of_learning/empty"
    },
    {
      "predicate": {
        "custom_model_data": 330032
      },
      "model": "tcc:item/locket_of_learning/filled_1"
    },
    {
      "predicate": {
        "custom_model_data": 330033
      },
      "model": "tcc:item/locket_of_learning/filled_2"
    },
    {
      "predicate": {
        "custom_model_data": 330034
      },
      "model": "tcc:item/locket_of_learning/filled_3"
    },
    {
      "predicate": {
        "custom_model_data": 330035
      },
      "model": "tcc:item/locket_of_learning/filled_4"
    },
    {
      "predicate": {
        "custom_model_data": 330036
      },
      "model": "tcc:item/locket_of_learning/filled_5"
    },
    {
      "predicate": {
        "custom_model_data": 330037
      },
      "model": "tcc:item/gobblerift"
    },
    {
      "predicate": {
        "custom_model_data": 330038
      },
      "model": "tcc:item/snail_bucket"
    },
    {
      "predicate": {
        "custom_model_data": 330039
      },
      "model": "tcc:item/photometer/lowest_light"
    },
    {
      "predicate": {
        "custom_model_data": 330040
      },
      "model": "tcc:item/photometer/low_light"
    },
    {
      "predicate": {
        "custom_model_data": 330041
      },
      "model": "tcc:item/photometer/high_light"
    },
    {
      "predicate": {
        "custom_model_data": 330042
      },
      "model": "tcc:item/photometer/highest_light"
    },
    {
      "predicate": {
        "custom_model_data": 338000
      },
      "model": "tcc:item/ring/iron/gemstone/none"
    },
    {
      "predicate": {
        "custom_model_data": 338001
      },
      "model": "tcc:item/ring/iron/gemstone/amethyst"
    },
    {
      "predicate": {
        "custom_model_data": 338002
      },
      "model": "tcc:item/ring/iron/gemstone/diamond"
    },
    {
      "predicate": {
        "custom_model_data": 338003
      },
      "model": "tcc:item/ring/iron/gemstone/emerald"
    },
    {
      "predicate": {
        "custom_model_data": 338004
      },
      "model": "tcc:item/ring/iron/gemstone/ender_pearl"
    },
    {
      "predicate": {
        "custom_model_data": 338005
      },
      "model": "tcc:item/ring/iron/gemstone/lapis_lazuli"
    },
    {
      "predicate": {
        "custom_model_data": 338006
      },
      "model": "tcc:item/ring/iron/gemstone/obsidian"
    },
    {
      "predicate": {
        "custom_model_data": 338007
      },
      "model": "tcc:item/ring/iron/gemstone/prismarine_crystal"
    },
    {
      "predicate": {
        "custom_model_data": 338008
      },
      "model": "tcc:item/ring/iron/gemstone/quartz"
    },
    {
      "predicate": {
        "custom_model_data": 338010
      },
      "model": "tcc:item/ring/golden/gemstone/none"
    },
    {
      "predicate": {
        "custom_model_data": 338011
      },
      "model": "tcc:item/ring/golden/gemstone/amethyst"
    },
    {
      "predicate": {
        "custom_model_data": 338012
      },
      "model": "tcc:item/ring/golden/gemstone/diamond"
    },
    {
      "predicate": {
        "custom_model_data": 338013
      },
      "model": "tcc:item/ring/golden/gemstone/emerald"
    },
    {
      "predicate": {
        "custom_model_data": 338014
      },
      "model": "tcc:item/ring/golden/gemstone/ender_pearl"
    },
    {
      "predicate": {
        "custom_model_data": 338015
      },
      "model": "tcc:item/ring/golden/gemstone/lapis_lazuli"
    },
    {
      "predicate": {
        "custom_model_data": 338016
      },
      "model": "tcc:item/ring/golden/gemstone/obsidian"
    },
    {
      "predicate": {
        "custom_model_data": 338017
      },
      "model": "tcc:item/ring/golden/gemstone/prismarine_crystal"
    },
    {
      "predicate": {
        "custom_model_data": 338018
      },
      "model": "tcc:item/ring/golden/gemstone/quartz"
    },
    {
      "predicate": {
        "custom_model_data": 338020
      },
      "model": "tcc:item/ring/netherite/gemstone/none"
    },
    {
      "predicate": {
        "custom_model_data": 338021
      },
      "model": "tcc:item/ring/netherite/gemstone/amethyst"
    },
    {
      "predicate": {
        "custom_model_data": 338022
      },
      "model": "tcc:item/ring/netherite/gemstone/diamond"
    },
    {
      "predicate": {
        "custom_model_data": 338023
      },
      "model": "tcc:item/ring/netherite/gemstone/emerald"
    },
    {
      "predicate": {
        "custom_model_data": 338024
      },
      "model": "tcc:item/ring/netherite/gemstone/ender_pearl"
    },
    {
      "predicate": {
        "custom_model_data": 338025
      },
      "model": "tcc:item/ring/netherite/gemstone/lapis_lazuli"
    },
    {
      "predicate": {
        "custom_model_data": 338026
      },
      "model": "tcc:item/ring/netherite/gemstone/obsidian"
    },
    {
      "predicate": {
        "custom_model_data": 338027
      },
      "model": "tcc:item/ring/netherite/gemstone/prismarine_crystal"
    },
    {
      "predicate": {
        "custom_model_data": 338028
      },
      "model": "tcc:item/ring/netherite/gemstone/quartz"
    },
    {
      "predicate": {
        "custom_model_data": 339000
      },
      "model": "tcc:item/ring/iron/gemstone_and_potion/none"
    },
    {
      "predicate": {
        "custom_model_data": 339001
      },
      "model": "tcc:item/ring/iron/gemstone_and_potion/amethyst"
    },
    {
      "predicate": {
        "custom_model_data": 339002
      },
      "model": "tcc:item/ring/iron/gemstone_and_potion/diamond"
    },
    {
      "predicate": {
        "custom_model_data": 339003
      },
      "model": "tcc:item/ring/iron/gemstone_and_potion/emerald"
    },
    {
      "predicate": {
        "custom_model_data": 339004
      },
      "model": "tcc:item/ring/iron/gemstone_and_potion/ender_pearl"
    },
    {
      "predicate": {
        "custom_model_data": 339005
      },
      "model": "tcc:item/ring/iron/gemstone_and_potion/lapis_lazuli"
    },
    {
      "predicate": {
        "custom_model_data": 339006
      },
      "model": "tcc:item/ring/iron/gemstone_and_potion/obsidian"
    },
    {
      "predicate": {
        "custom_model_data": 339007
      },
      "model": "tcc:item/ring/iron/gemstone_and_potion/prismarine_crystal"
    },
    {
      "predicate": {
        "custom_model_data": 339008
      },
      "model": "tcc:item/ring/iron/gemstone_and_potion/quartz"
    },
    {
      "predicate": {
        "custom_model_data": 339010
      },
      "model": "tcc:item/ring/golden/gemstone_and_potion/none"
    },
    {
      "predicate": {
        "custom_model_data": 339011
      },
      "model": "tcc:item/ring/golden/gemstone_and_potion/amethyst"
    },
    {
      "predicate": {
        "custom_model_data": 339012
      },
      "model": "tcc:item/ring/golden/gemstone_and_potion/diamond"
    },
    {
      "predicate": {
        "custom_model_data": 339013
      },
      "model": "tcc:item/ring/golden/gemstone_and_potion/emerald"
    },
    {
      "predicate": {
        "custom_model_data": 339014
      },
      "model": "tcc:item/ring/golden/gemstone_and_potion/ender_pearl"
    },
    {
      "predicate": {
        "custom_model_data": 339015
      },
      "model": "tcc:item/ring/golden/gemstone_and_potion/lapis_lazuli"
    },
    {
      "predicate": {
        "custom_model_data": 339016
      },
      "model": "tcc:item/ring/golden/gemstone_and_potion/obsidian"
    },
    {
      "predicate": {
        "custom_model_data": 339017
      },
      "model": "tcc:item/ring/golden/gemstone_and_potion/prismarine_crystal"
    },
    {
      "predicate": {
        "custom_model_data": 339018
      },
      "model": "tcc:item/ring/golden/gemstone_and_potion/quartz"
    },
    {
      "predicate": {
        "custom_model_data": 339020
      },
      "model": "tcc:item/ring/netherite/gemstone_and_potion/none"
    },
    {
      "predicate": {
        "custom_model_data": 339021
      },
      "model": "tcc:item/ring/netherite/gemstone_and_potion/amethyst"
    },
    {
      "predicate": {
        "custom_model_data": 339022
      },
      "model": "tcc:item/ring/netherite/gemstone_and_potion/diamond"
    },
    {
      "predicate": {
        "custom_model_data": 339023
      },
      "model": "tcc:item/ring/netherite/gemstone_and_potion/emerald"
    },
    {
      "predicate": {
        "custom_model_data": 339024
      },
      "model": "tcc:item/ring/netherite/gemstone_and_potion/ender_pearl"
    },
    {
      "predicate": {
        "custom_model_data": 339025
      },
      "model": "tcc:item/ring/netherite/gemstone_and_potion/lapis_lazuli"
    },
    {
      "predicate": {
        "custom_model_data": 339026
      },
      "model": "tcc:item/ring/netherite/gemstone_and_potion/obsidian"
    },
    {
      "predicate": {
        "custom_model_data": 339027
      },
      "model": "tcc:item/ring/netherite/gemstone_and_potion/prismarine_crystal"
    },
    {
      "predicate": {
        "custom_model_data": 339028
      },
      "model": "tcc:item/ring/netherite/gemstone_and_potion/quartz"
    },
    {
      "predicate": {
        "custom_model_data": 408000
      },
      "model": "tcc_compat:tcc/item/ring/iron/gemstone/dnd/amber"
    },
    {
      "predicate": {
        "custom_model_data": 408001
      },
      "model": "tcc_compat:tcc/item/ring/iron/gemstone/dnd/gypsum"
    },
    {
      "predicate": {
        "custom_model_data": 408010
      },
      "model": "tcc_compat:tcc/item/ring/golden/gemstone/dnd/amber"
    },
    {
      "predicate": {
        "custom_model_data": 408011
      },
      "model": "tcc_compat:tcc/item/ring/golden/gemstone/dnd/gypsum"
    },
    {
      "predicate": {
        "custom_model_data": 408020
      },
      "model": "tcc_compat:tcc/item/ring/netherite/gemstone/dnd/amber"
    },
    {
      "predicate": {
        "custom_model_data": 408021
      },
      "model": "tcc_compat:tcc/item/ring/netherite/gemstone/dnd/gypsum"
    },
    {
      "predicate": {
        "custom_model_data": 409000
      },
      "model": "tcc_compat:tcc/item/ring/iron/gemstone_and_potion/dnd/amber"
    },
    {
      "predicate": {
        "custom_model_data": 409001
      },
      "model": "tcc_compat:tcc/item/ring/iron/gemstone_and_potion/dnd/gypsum"
    },
    {
      "predicate": {
        "custom_model_data": 409010
      },
      "model": "tcc_compat:tcc/item/ring/golden/gemstone_and_potion/dnd/amber"
    },
    {
      "predicate": {
        "custom_model_data": 409011
      },
      "model": "tcc_compat:tcc/item/ring/golden/gemstone_and_potion/dnd/gypsum"
    },
    {
      "predicate": {
        "custom_model_data": 409020
      },
      "model": "tcc_compat:tcc/item/ring/netherite/gemstone_and_potion/dnd/amber"
    },
    {
      "predicate": {
        "custom_model_data": 409021
      },
      "model": "tcc_compat:tcc/item/ring/netherite/gemstone_and_potion/dnd/gypsum"
    }
  ]
}
