{
  "parent": "item/generated",
  "textures": {
    "layer0": "minecraft:item/leather_horse_armor"
  },
  "overrides": [{
      "predicate": {
        "custom_model_data": 330000
      },
      "model": "tcc:block/teapot_full"
    },
    {
      "predicate": {
        "custom_model_data": 330001
      },
      "model": "tcc:entity/enchanter/idle"
    },
    {
      "predicate": {
        "custom_model_data": 330002
      },
      "model": "tcc:entity/enchanter/walking"
    },
    {
      "predicate": {
        "custom_model_data": 330003
      },
      "model": "tcc:entity/enchanter/spell"
    },
    {
      "predicate": {
        "custom_model_data": 330004
      },
      "model": "tcc:entity/enchanter/head"
    },
    {
      "predicate": {
        "custom_model_data": 330005
      },
      "model": "tcc:entity/geomancer/idle"
    },
    {
      "predicate": {
        "custom_model_data": 330006
      },
      "model": "tcc:entity/geomancer/walking"
    },
    {
      "predicate": {
        "custom_model_data": 330007
      },
      "model": "tcc:entity/geomancer/spell"
    },
    {
      "predicate": {
        "custom_model_data": 330008
      },
      "model": "tcc:entity/geomancer/head"
    },
    {
      "predicate": {
        "custom_model_data": 330009
      },
      "model": "tcc:entity/iceologer/idle"
    },
    {
      "predicate": {
        "custom_model_data": 330010
      },
      "model": "tcc:entity/iceologer/walking"
    },
    {
      "predicate": {
        "custom_model_data": 330011
      },
      "model": "tcc:entity/iceologer/spell"
    },
    {
      "predicate": {
        "custom_model_data": 330012
      },
      "model": "tcc:entity/iceologer/head"
    },
    {
      "predicate": {
        "custom_model_data": 330013
      },
      "model": "tcc:entity/passive_witch/idle"
    },
    {
      "predicate": {
        "custom_model_data": 330014
      },
      "model": "tcc:entity/passive_witch/walking"
    },
    {
      "predicate": {
        "custom_model_data": 330015
      },
      "model": "tcc:entity/passive_witch/head"
    },
    {
      "predicate": {
        "custom_model_data": 330016
      },
      "model": "tcc:entity/snail/normal"
    }
  ]
}
