{
	"textures": {
		"0": "tcc:entity/snail",
		"particle": "tcc:entity/snail"
	},
	"elements": [
		{
			"from": [6, 0, 2],
			"to": [10, 3, 14],
			"rotation": {"angle": 0, "axis": "y", "origin": [0, 0, 0]},
			"faces": {
				"north": {"uv": [6, 11.5, 8, 13], "texture": "#0", "tintindex": 0},
				"east": {"uv": [0, 11.5, 6, 13], "texture": "#0", "tintindex": 0},
				"south": {"uv": [6, 14.5, 8, 16], "texture": "#0", "tintindex": 0},
				"west": {"uv": [0, 14.5, 6, 16], "texture": "#0", "tintindex": 0},
				"up": {"uv": [8, 10, 10, 16], "texture": "#0", "tintindex": 0},
				"down": {"uv": [10, 10, 12, 16], "texture": "#0", "tintindex": 0}
			}
		},
		{
			"from": [5.5, 2, 5],
			"to": [10.5, 12, 15],
			"rotation": {"angle": 0, "axis": "y", "origin": [0, 0, 0]},
			"faces": {
				"north": {"uv": [5, 5, 7.5, 10], "texture": "#0", "tintindex": 0},
				"east": {"uv": [0, 5, 5, 10], "texture": "#0", "tintindex": 0},
				"south": {"uv": [12.5, 5, 15, 10], "texture": "#0", "tintindex": 0},
				"west": {"uv": [7.5, 5, 12.5, 10], "texture": "#0", "tintindex": 0},
				"up": {"uv": [5, 0, 7.5, 5], "texture": "#0", "tintindex": 0},
				"down": {"uv": [7.5, 0, 10, 5], "texture": "#0", "tintindex": 0}
			}
		},
		{
			"from": [6, 3, 2],
			"to": [7, 7, 3],
			"rotation": {"angle": 0, "axis": "y", "origin": [0, 0, 0]},
			"faces": {
				"north": {"uv": [2.5, 0.5, 3, 2.5], "texture": "#0", "tintindex": 0},
				"east": {"uv": [3, 0.5, 3.5, 2.5], "texture": "#0", "tintindex": 0},
				"south": {"uv": [3.5, 0.5, 4, 2.5], "texture": "#0", "tintindex": 0},
				"west": {"uv": [2, 0.5, 2.5, 2.5], "texture": "#0", "tintindex": 0},
				"up": {"uv": [2.5, 0, 3, 0.5], "texture": "#0", "tintindex": 0},
				"down": {"uv": [3, 0, 3.5, 0.5], "texture": "#0", "tintindex": 0}
			}
		},
		{
			"from": [9, 3, 2],
			"to": [10, 7, 3],
			"rotation": {"angle": 0, "axis": "y", "origin": [0, 0, 0]},
			"faces": {
				"north": {"uv": [0.5, 0.5, 1, 2.5], "texture": "#0", "tintindex": 0},
				"east": {"uv": [1, 0.5, 1.5, 2.5], "texture": "#0", "tintindex": 0},
				"south": {"uv": [1.5, 0.5, 2, 2.5], "texture": "#0", "tintindex": 0},
				"west": {"uv": [0, 0.5, 0.5, 2.5], "texture": "#0", "tintindex": 0},
				"up": {"uv": [0.5, 0, 1, 0.5], "texture": "#0", "tintindex": 0},
				"down": {"uv": [1, 0, 1.5, 0.5], "texture": "#0", "tintindex": 0}
			}
		}
	],
	"display": {
		"ground": {
			"rotation": [0, 180, 0],
			"translation": [0, -9.6, -6.4],
			"scale": [1, 1, 1]
		}
	}
}
